City_ID,City,Country,Date,Lat,Lng,Max Temp,Humidity,Cloudiness,Wind Speed
0,Punta Arenas,CL,2022-05-04 20:27:52,-53.15,-70.9167,44.71,76,40,11.5
1,New Norfolk,AU,2022-05-04 20:27:52,-42.7826,147.0587,40.71,83,46,1.97
2,Fredericton,CA,2022-05-04 20:27:53,45.9454,-66.6656,46.36,92,100,8.05
3,Port Alfred,ZA,2022-05-04 20:27:54,-33.5906,26.891,65.43,86,52,4.41
4,Robertsport,LR,2022-05-04 20:27:54,6.7533,-11.3686,83.19,80,10,10.33
5,Saskylakh,RU,2022-05-04 20:25:49,71.9167,114.0833,19.94,93,100,5.75
6,Okhotsk,RU,2022-05-04 20:27:55,59.3833,143.3,30.97,89,100,8.37
7,Antalaha,MG,2022-05-04 20:27:56,-14.9003,50.2788,75.74,78,70,8.59
8,Bredasdorp,ZA,2022-05-04 20:25:34,-34.5322,20.0403,59.68,95,61,3.2
9,Ambilobe,MG,2022-05-04 20:27:57,-13.2,49.05,71.65,87,30,3.91
10,Ulaangom,MN,2022-05-04 20:26:32,49.9811,92.0667,38.26,44,82,6.26
11,Khatanga,RU,2022-05-04 20:27:58,71.9667,102.5,-3.03,100,94,1.54
12,Esperance,AU,2022-05-04 20:27:58,-33.8667,121.9,53.44,62,96,6.4
13,Hermanus,ZA,2022-05-04 20:27:59,-34.4187,19.2345,62.46,85,99,8.48
14,Ribeira Grande,PT,2022-05-04 20:27:59,38.5167,-28.7,64.8,82,40,10.36
15,Arraial Do Cabo,BR,2022-05-04 20:28:00,-22.9661,-42.0278,82.36,78,40,8.05
16,Iqaluit,CA,2022-05-04 20:28:01,63.7506,-68.5145,13.73,72,20,23.02
17,Lebu,CL,2022-05-04 20:28:01,-37.6167,-73.65,57.79,87,98,15.5
18,Pevek,RU,2022-05-04 20:28:02,69.7008,170.3133,12.4,84,98,7.11
19,Sulangan,PH,2022-05-04 20:28:02,11.1373,123.7228,82.15,78,96,14.2
20,Umm Lajj,SA,2022-05-04 20:28:03,25.0213,37.2685,82.02,55,5,9.84
21,Upernavik,GL,2022-05-04 20:28:04,72.7868,-56.1549,13.62,87,76,7.27
22,Tazmalt,DZ,2022-05-04 20:28:04,36.3868,4.3989,64.67,72,97,9.1
23,Nowy Sacz,PL,2022-05-04 20:28:05,49.6218,20.6971,54.05,75,95,4.36
24,Thompson,CA,2022-05-04 20:24:19,55.7435,-97.8558,30.36,64,100,6.91
25,Kathmandu,NP,2022-05-04 20:27:44,27.7167,85.3167,66.42,100,75,4.61
26,Coihaique,CL,2022-05-04 20:28:06,-45.5752,-72.0662,51.75,54,20,8.05
27,Mar Del Plata,AR,2022-05-04 20:28:07,-38.0023,-57.5575,66.22,55,0,18.41
28,Kabo,CF,2022-05-04 20:28:08,7.6994,18.629,75.61,76,100,16.2
29,Hamadan,IR,2022-05-04 20:28:08,34.7992,48.5146,58.08,38,0,4.61
30,Bluff,NZ,2022-05-04 20:25:51,-46.6,168.3333,46.8,81,40,8.52
31,Terrell,US,2022-05-04 20:28:10,32.736,-96.2753,88.02,67,75,14.97
32,Ushuaia,AR,2022-05-04 20:24:40,-54.8,-68.3,44.22,65,40,3.44
33,Bowen,AU,2022-05-04 20:28:11,-20.0167,148.2333,70.25,91,3,5.93
34,Cape Town,ZA,2022-05-04 20:28:11,-33.9258,18.4232,61.27,90,100,5.99
35,Ponta Do Sol,PT,2022-05-04 20:28:12,32.6667,-17.1,65.71,69,63,4.23
36,Buchanan,LR,2022-05-04 20:28:13,5.8808,-10.0467,81.7,80,24,6.11
37,Rikitea,PF,2022-05-04 20:28:13,-23.1203,-134.9692,77.43,84,100,19.71
38,Altamira,BR,2022-05-04 20:23:34,-3.2033,-52.2064,87.89,70,40,2.3
39,Yuli,NG,2022-05-04 20:28:14,9.6989,10.2744,89.26,44,13,5.44
40,Mahon,ES,2022-05-04 20:28:15,39.8885,4.2658,61.36,82,20,20.71
41,Rurrenabaque,BO,2022-05-04 20:28:16,-14.4413,-67.5278,80.29,61,75,0.0
42,Svetlaya,RU,2022-05-04 20:28:16,46.5389,138.3297,34.14,90,35,3.62
43,Airai,TL,2022-05-04 20:28:17,-8.9266,125.4092,58.96,89,89,2.51
44,Oeiras Do Para,BR,2022-05-04 20:28:18,-2.0031,-49.8544,80.64,91,55,1.86
45,Wanaka,NZ,2022-05-04 20:28:18,-44.7,169.15,51.12,80,93,2.77
46,Carnarvon,AU,2022-05-04 20:25:49,-24.8667,113.6333,64.47,59,0,11.5
47,Georgetown,MY,2022-05-04 20:28:14,5.4112,100.3354,82.33,93,20,0.0
48,Talnakh,RU,2022-05-04 20:29:19,69.4865,88.3972,33.21,96,100,20.71
49,Sao Bartolomeu De Messines,PT,2022-05-04 20:29:20,37.2602,-8.2867,61.41,85,52,2.42
50,Butaritari,KI,2022-05-04 20:26:02,3.0707,172.7902,81.03,78,100,11.59
51,Maryville,US,2022-05-04 20:29:21,35.7565,-83.9705,83.07,53,75,13.8
52,Junin,AR,2022-05-04 20:29:21,-34.5838,-60.9433,69.48,31,27,8.68
53,Vaini,TO,2022-05-04 20:29:22,-21.2,-175.2,76.62,75,66,10.33
54,Richards Bay,ZA,2022-05-04 20:29:23,-28.783,32.0377,66.49,91,0,4.36
55,Mataura,NZ,2022-05-04 20:29:23,-46.1927,168.8643,46.47,87,12,3.18
56,San Andres,CO,2022-05-04 20:26:49,12.5847,-81.7006,86.02,74,40,13.8
57,Trzebiatow,PL,2022-05-04 20:29:24,54.0615,15.2648,56.05,71,100,3.83
58,Tuatapere,NZ,2022-05-04 20:26:49,-46.1333,167.6833,52.47,86,93,5.06
59,Urucara,BR,2022-05-04 20:29:26,-2.5364,-57.76,81.36,73,54,3.27
60,San Cristobal,VE,2022-05-04 20:29:26,7.7669,-72.225,82.58,44,100,6.82
61,Roald,NO,2022-05-04 20:29:27,62.5833,6.1333,50.14,62,75,14.97
62,East London,ZA,2022-05-04 20:29:27,-33.0153,27.9116,66.24,86,0,4.16
63,Katobu,ID,2022-05-04 20:29:28,-4.9408,122.5276,75.33,92,95,2.57
64,Victoria,HK,2022-05-04 20:28:05,22.2855,114.1577,75.38,78,48,11.01
65,Bom Jesus,BR,2022-05-04 20:29:29,-9.0744,-44.3586,91.15,37,100,5.21
66,Kapaa,US,2022-05-04 20:27:11,22.0752,-159.319,80.92,80,40,18.41
67,Kinshasa,CD,2022-05-04 20:29:30,-4.3246,15.3215,77.0,81,76,2.28
68,Busselton,AU,2022-05-04 20:29:31,-33.65,115.3333,52.48,63,0,12.95
69,Islamkot,PK,2022-05-04 20:29:31,24.6997,70.177,78.87,86,0,15.7
70,Waycross,US,2022-05-04 20:28:45,31.2136,-82.354,91.98,47,0,3.44
71,Okahandja,NA,2022-05-04 20:25:10,-21.9833,16.9167,61.29,30,0,7.52
72,Barrow,US,2022-05-04 20:29:33,71.2906,-156.7887,15.82,79,100,17.27
73,Leirvik,NO,2022-05-04 20:29:33,59.7798,5.5005,48.63,85,100,11.52
74,Hamada,JP,2022-05-04 20:29:34,34.8833,132.0833,56.1,77,0,4.81
75,Altay,CN,2022-05-04 20:29:35,47.8667,88.1167,55.45,47,61,4.18
76,Puerto Ayora,EC,2022-05-04 20:29:35,-0.7393,-90.3518,80.56,80,69,10.04
77,Progreso,MX,2022-05-04 20:29:36,21.2833,-89.6667,98.11,61,2,17.47
78,Albany,US,2022-05-04 20:28:44,42.6001,-73.9662,55.94,88,100,0.98
79,Dikson,RU,2022-05-04 20:29:37,73.5069,80.5464,16.14,85,100,24.65
80,Daru,PG,2022-05-04 20:29:37,-9.0763,143.2092,79.16,82,71,8.57
81,Cabo San Lucas,MX,2022-05-04 20:25:24,22.8909,-109.9124,84.61,39,0,11.5
82,Riyadh,SA,2022-05-04 20:28:33,24.6877,46.7219,89.74,12,17,7.31
83,Geraldton,AU,2022-05-04 20:26:50,-28.7667,114.6,61.21,51,1,21.85
84,Sorong,ID,2022-05-04 20:29:39,-0.8833,131.25,79.99,84,99,5.3
85,Lima,PE,2022-05-04 20:26:14,-12.0432,-77.0282,69.39,73,0,10.36
86,Hobart,AU,2022-05-04 20:29:40,-42.8794,147.3294,41.05,91,20,6.91
87,Tautira,PF,2022-05-04 20:25:56,-17.7333,-149.15,81.48,78,83,13.58
88,Menongue,AO,2022-05-04 20:29:20,-14.6585,17.691,59.22,63,5,3.71
89,Nizhnevartovsk,RU,2022-05-04 20:29:41,60.9344,76.5531,48.22,43,0,15.99
90,Hithadhoo,MV,2022-05-04 20:26:45,-0.6,73.0833,84.15,74,100,20.38
91,Lagoa,PT,2022-05-04 20:29:42,39.05,-27.9833,61.63,86,100,16.26
92,Gujar Khan,PK,2022-05-04 20:29:43,33.2558,73.3026,73.63,50,40,6.38
93,Longyearbyen,SJ,2022-05-04 20:30:43,78.2186,15.6401,19.24,63,40,9.22
94,Gimli,CA,2022-05-04 20:29:55,50.6336,-96.9907,48.22,66,23,12.66
95,Avera,US,2022-05-04 20:30:44,33.194,-82.5271,89.38,52,81,8.39
96,Pobe,BJ,2022-05-04 20:30:45,6.9801,2.6649,76.26,90,100,2.19
97,Tairua,NZ,2022-05-04 20:30:46,-37.0167,175.85,61.74,87,89,10.6
98,Fortuna,US,2022-05-04 20:26:55,40.5982,-124.1573,62.92,79,20,14.97
99,Avarua,CK,2022-05-04 20:30:47,-21.2078,-159.775,82.45,74,20,10.36
100,Cururupu,BR,2022-05-04 20:28:31,-1.8283,-44.8683,81.63,78,15,4.97
101,Balgazyn,RU,2022-05-04 20:30:48,51.0,95.2,29.05,55,28,1.66
102,Nikolskoye,RU,2022-05-04 20:26:03,59.7035,30.7861,37.71,73,9,4.45
103,Norman Wells,CA,2022-05-04 20:30:49,65.282,-126.8329,37.44,87,100,9.22
104,Porto Novo,BJ,2022-05-04 20:30:49,6.4965,2.6036,76.82,82,89,0.85
105,Mangan,IN,2022-05-04 20:30:50,27.5167,88.5333,68.7,83,84,2.19
106,Qaanaaq,GL,2022-05-04 20:30:51,77.484,-69.3632,21.06,80,47,2.08
107,Kenora,CA,2022-05-04 20:30:51,49.8167,-94.4337,56.37,33,20,17.27
108,Meadow Lake,US,2022-05-04 20:30:13,34.8014,-106.5436,70.84,14,38,25.64
109,Tasiilaq,GL,2022-05-04 20:30:52,65.6145,-37.6368,26.76,77,100,5.44
110,Turukhansk,RU,2022-05-04 20:30:53,65.8167,87.9833,32.47,93,100,24.49
111,Bethel,US,2022-05-04 20:30:53,41.3712,-73.414,62.46,84,96,3.0
112,Grindavik,IS,2022-05-04 20:30:54,63.8424,-22.4338,37.87,60,75,4.61
113,Sur,OM,2022-05-04 20:27:02,22.5667,59.5289,81.97,59,0,6.31
114,Rio Gallegos,AR,2022-05-04 20:26:12,-51.6226,-69.2181,50.05,53,40,17.27
115,Krasnoselkup,RU,2022-05-04 20:30:55,65.7,82.4667,37.62,84,100,28.34
116,Rio Tuba,PH,2022-05-04 20:30:56,8.5061,117.4317,80.01,81,100,4.25
117,Ponta Delgada,PT,2022-05-04 20:30:56,37.7333,-25.6667,63.32,72,75,11.5
118,Nome,US,2022-05-04 20:27:23,64.5011,-165.4064,36.16,75,100,4.61
119,Zhigansk,RU,2022-05-04 20:30:57,66.7697,123.3711,11.7,96,53,9.55
120,Te Anau,NZ,2022-05-04 20:30:58,-45.4167,167.7167,51.94,87,84,1.5
121,Tommot,RU,2022-05-04 20:30:59,58.9564,126.2925,31.5,88,100,10.98
122,San Patricio,US,2022-05-04 20:26:04,28.017,-97.5169,88.52,56,21,24.0
123,Anadyr,RU,2022-05-04 20:27:58,64.75,177.4833,23.5,80,0,6.71
124,Udachnyy,RU,2022-05-04 20:31:04,66.4167,112.4,15.62,90,99,2.62
125,Constitucion,CL,2022-05-04 20:31:05,-35.3333,-72.4167,60.33,70,100,5.39
126,Saint George,US,2022-05-04 20:26:58,37.1041,-113.5841,75.25,23,0,6.91
127,Inverell,AU,2022-05-04 20:31:06,-29.7833,151.1167,58.1,96,100,3.0
128,Caravelas,BR,2022-05-04 20:26:55,-17.7125,-39.2481,79.3,80,0,10.38
129,Bow Island,CA,2022-05-04 20:30:02,49.8668,-111.3684,71.89,26,79,16.11
130,Bengkulu,ID,2022-05-04 20:31:08,-3.8004,102.2655,75.51,88,100,3.33
131,Samfya,ZM,2022-05-04 20:31:08,-11.3649,29.5565,64.27,77,69,9.93
132,Edd,ER,2022-05-04 20:31:09,13.9297,41.6925,89.26,59,0,8.55
133,Danville,US,2022-05-04 20:31:10,36.586,-79.395,86.65,42,0,11.5
134,Ketchikan,US,2022-05-04 20:31:10,55.3422,-131.6461,49.98,76,75,19.57
135,Atuona,PF,2022-05-04 20:31:11,-9.8,-139.0333,80.08,70,30,15.37
136,Erzin,TR,2022-05-04 20:31:12,36.9559,36.2,61.97,94,68,6.53
137,Pochutla,MX,2022-05-04 20:31:12,15.7432,-96.4661,93.02,38,51,9.15
138,Lompoc,US,2022-05-04 20:32:13,34.6391,-120.4579,85.78,58,0,16.11
139,Kosikha,RU,2022-05-04 20:32:13,53.3617,84.5822,40.77,44,100,10.02
140,Vostok,RU,2022-05-04 20:32:14,46.4856,135.8833,36.64,78,69,5.68
141,Jamestown,US,2022-05-04 20:30:32,42.097,-79.2353,53.53,93,100,9.22
142,Quatre Cocos,MU,2022-05-04 20:32:15,-20.2078,57.7625,78.91,83,41,17.76
143,Santo Stino Di Livenza,IT,2022-05-04 20:32:16,45.735,12.6808,64.49,73,100,4.29
144,Koumac,NC,2022-05-04 20:32:16,-20.5667,164.2833,77.0,81,0,3.94
145,Vila Franca Do Campo,PT,2022-05-04 20:32:17,37.7167,-25.4333,63.01,78,100,6.91
146,Vikarabad,IN,2022-05-04 20:32:18,17.3333,77.9,84.25,45,27,2.17
147,Necochea,AR,2022-05-04 20:32:18,-38.5473,-58.7368,61.32,56,10,10.71
148,Pisco,PE,2022-05-04 20:32:19,-13.7,-76.2167,71.65,68,0,6.91
149,Northam,GB,2022-05-04 20:32:20,51.0333,-4.2167,55.38,88,92,7.05
150,Broome,US,2022-05-04 20:32:20,42.2506,-75.833,61.61,93,100,10.36
151,Kalevala,RU,2022-05-04 20:32:21,65.2,31.1667,29.66,83,100,9.04
152,Portland,US,2022-05-04 20:30:04,45.5234,-122.6762,71.1,54,75,4.61
153,Hasaki,JP,2022-05-04 20:32:22,35.7333,140.8333,52.2,80,76,9.33
154,Poum,NC,2022-05-04 20:32:23,-20.2333,164.0167,77.63,81,13,9.93
155,Shitkino,RU,2022-05-04 20:32:23,56.3703,98.3543,30.18,90,5,1.01
156,Leningradskiy,RU,2022-05-04 20:32:24,69.3833,178.4167,16.61,89,47,8.48
157,Provideniya,RU,2022-05-04 20:32:26,64.3833,-173.3,30.15,75,60,7.45
158,Catuday,PH,2022-05-04 20:32:26,16.2923,119.8062,79.97,76,34,6.02
159,Andenes,NO,2022-05-04 20:32:27,69.3143,16.1194,28.38,86,20,5.75
160,Matara,LK,2022-05-04 20:32:28,5.9485,80.5353,79.14,88,100,10.58
161,Svetlyy,RU,2022-05-04 20:32:29,54.675,20.1347,45.97,65,100,11.72
162,Kalmanka,RU,2022-05-04 20:32:30,52.8992,83.5433,42.89,40,100,10.33
163,Suez,EG,2022-05-04 20:32:31,29.9737,32.5263,62.98,64,0,9.37
164,Hilo,US,2022-05-04 20:32:31,19.7297,-155.09,81.28,92,100,8.05
165,Cap Malheureux,MU,2022-05-04 20:32:32,-19.9842,57.6142,76.46,79,10,7.0
166,Port Macquarie,AU,2022-05-04 20:29:53,-31.4333,152.9167,60.89,90,94,6.42
167,Egvekinot,RU,2022-05-04 20:32:33,66.3167,-179.1667,18.93,79,39,4.92
168,Severo-Kurilsk,RU,2022-05-04 20:32:34,50.6789,156.125,34.5,84,98,5.08
169,Lorengau,PG,2022-05-04 20:32:35,-2.0226,147.2712,81.37,81,99,4.03
170,Torbay,CA,2022-05-04 20:32:36,47.6666,-52.7314,42.89,85,100,5.01
171,Castro,BR,2022-05-04 20:32:37,-24.7911,-50.0119,53.06,81,59,8.55
172,Kodiak,US,2022-05-04 20:32:38,57.79,-152.4072,42.31,81,100,11.5
173,Palmer,US,2022-05-04 20:32:38,42.1584,-72.3287,57.06,86,100,1.01
174,Vestmanna,FO,2022-05-04 20:32:39,62.1564,-7.1664,41.92,75,100,17.27
175,Chokurdakh,RU,2022-05-04 20:32:40,70.6333,147.9167,11.59,92,81,0.85
176,Jining,CN,2022-05-04 20:31:07,35.405,116.5814,59.23,53,0,9.78
177,Comarapa,BO,2022-05-04 20:32:41,-17.9,-64.4833,59.99,74,37,5.12
178,Port Elizabeth,ZA,2022-05-04 20:32:41,-33.918,25.5701,62.89,94,75,4.61
179,Bambous Virieux,MU,2022-05-04 20:32:42,-20.3428,57.7575,79.05,78,75,14.97
180,Wexford,IE,2022-05-04 20:28:30,52.3342,-6.4575,54.5,87,73,4.68
181,Mandiana,GN,2022-05-04 20:32:44,10.6333,-8.6833,86.43,45,34,4.72
182,Isangel,VU,2022-05-04 20:32:44,-19.55,169.2667,78.78,78,3,5.68
183,Vanimo,PG,2022-05-04 20:33:45,-2.6741,141.3028,77.83,90,72,3.74
184,Flinders,AU,2022-05-04 20:33:46,-34.5833,150.8552,64.06,89,94,5.01
185,Aklavik,CA,2022-05-04 20:33:47,68.2191,-135.0107,26.6,80,100,11.5
186,Souillac,MU,2022-05-04 20:33:48,-20.5167,57.5167,79.18,78,75,14.97
187,Gameleira,BR,2022-05-04 20:33:48,-8.5844,-35.3867,74.3,94,44,3.6
188,Santa Maria,BR,2022-05-04 20:29:28,-29.6842,-53.8069,67.3,77,75,6.91
189,Cherskiy,RU,2022-05-04 20:33:49,68.75,161.3,32.88,100,100,3.69
190,Salalah,OM,2022-05-04 20:33:50,17.0151,54.0924,84.29,89,40,3.44
191,Ipanema,BR,2022-05-04 20:33:51,-30.1391,-51.2244,68.02,95,75,11.5
192,Esmeralda,CU,2022-05-04 20:33:52,21.8525,-78.1169,86.58,54,13,13.53
193,Tabou,CI,2022-05-04 20:33:52,4.423,-7.3528,81.19,82,22,5.91
194,Tessalit,ML,2022-05-04 20:33:53,20.1986,1.0114,89.22,9,69,8.14
195,Chuy,UY,2022-05-04 20:33:54,-33.6971,-53.4616,59.76,80,34,5.73
196,Grand Forks,US,2022-05-04 20:33:55,47.9417,-97.4337,62.53,45,75,13.8
197,Thunder Bay,CA,2022-05-04 20:33:56,48.4001,-89.3168,51.78,43,75,8.05
198,Cape Canaveral,US,2022-05-04 20:33:56,28.4058,-80.6048,89.67,66,0,10.36
199,Varnamo,SE,2022-05-04 20:33:58,57.186,14.04,50.05,70,100,6.4
200,Carutapera,BR,2022-05-04 20:33:58,-1.195,-46.02,78.15,91,27,5.41
201,Miandrivazo,MG,2022-05-04 20:33:59,-19.5167,45.4667,76.03,71,25,2.62
202,Ornskoldsvik,SE,2022-05-04 20:34:01,63.2909,18.7153,34.75,86,100,3.44
203,Deputatskiy,RU,2022-05-04 20:34:01,69.3,139.9,18.55,95,100,1.74
204,Ulundi,ZA,2022-05-04 20:31:24,-28.3352,31.4162,59.07,95,0,2.71
205,Mahebourg,MU,2022-05-04 20:34:03,-20.4081,57.7,79.09,78,75,14.97
206,Cidreira,BR,2022-05-04 20:34:03,-30.1811,-50.2056,66.65,83,80,15.68
207,Huarmey,PE,2022-05-04 20:34:04,-10.0681,-78.1522,69.91,79,22,11.23
208,Guerrero Negro,MX,2022-05-04 20:34:05,27.9769,-114.0611,67.59,52,0,14.74
209,Shafranovo,RU,2022-05-04 20:34:05,53.9667,54.7667,49.95,69,64,7.0
210,Osny,FR,2022-05-04 20:34:06,49.0594,2.0618,57.45,83,0,4.61
211,Narsaq,GL,2022-05-04 20:34:07,60.9167,-46.05,43.02,50,5,2.51
212,Moose Factory,CA,2022-05-04 20:34:08,51.2585,-80.6094,41.0,45,0,13.8
213,Broken Hill,AU,2022-05-04 20:32:40,-31.95,141.4333,42.51,87,3,6.91
214,Clyde River,CA,2022-05-04 20:34:09,70.4692,-68.5914,21.43,68,100,3.44
215,Tuktoyaktuk,CA,2022-05-04 20:34:09,69.4541,-133.0374,26.6,93,100,14.97
216,Parnamirim,BR,2022-05-04 20:34:10,-5.9156,-35.2628,78.69,94,75,3.44
217,Bonthe,SL,2022-05-04 20:32:00,7.5264,-12.505,82.53,78,25,6.06
218,Sao Filipe,CV,2022-05-04 20:34:11,14.8961,-24.4956,72.64,82,16,6.35
219,Hobyo,SO,2022-05-04 20:34:11,5.3505,48.5268,83.26,73,16,14.41
220,Port Lincoln,AU,2022-05-04 20:34:12,-34.7333,135.8667,54.18,66,72,19.15
221,Cayenne,GF,2022-05-04 20:34:13,4.9333,-52.3333,82.44,74,0,3.44
222,Abu Samrah,SY,2022-05-04 20:34:13,35.3029,37.1841,59.16,70,0,20.69
223,Novobelokatay,RU,2022-05-04 20:34:14,55.7062,58.9549,46.11,64,31,8.41
224,Aksay,RU,2022-05-04 20:34:14,47.26,39.87,56.25,58,100,5.99
225,Mehamn,NO,2022-05-04 20:34:15,71.0357,27.8492,26.51,67,100,6.08
226,Keshabpur,BD,2022-05-04 20:34:16,22.9183,89.2112,79.34,84,32,5.99
227,Qasigiannguit,GL,2022-05-04 20:34:17,68.8193,-51.1922,17.85,85,90,2.62
228,Yellowknife,CA,2022-05-04 20:34:17,62.456,-114.3525,39.72,81,100,21.85
229,Kununurra,AU,2022-05-04 20:31:11,-15.7667,128.7333,73.38,83,40,5.75
230,Katsuura,JP,2022-05-04 20:35:18,35.1333,140.3,63.37,83,100,10.96
231,Cravo Norte,CO,2022-05-04 20:35:19,6.3017,-70.2041,93.88,39,99,5.57
232,Agadir,MA,2022-05-04 20:35:20,30.4202,-9.5982,63.05,63,0,7.61
233,Antofagasta,CL,2022-05-04 20:32:01,-23.65,-70.4,63.68,70,0,3.44
234,Myanaung,MM,2022-05-04 20:35:21,18.2833,95.3167,81.59,69,69,7.49
235,Kargil,IN,2022-05-04 20:34:45,34.5667,76.1,41.38,67,100,5.75
236,Ahipara,NZ,2022-05-04 20:35:21,-35.1667,173.1667,62.02,82,6,6.58
237,Tchaourou,BJ,2022-05-04 20:35:22,8.8865,2.5975,74.39,88,100,5.03
238,Gao,ML,2022-05-04 20:35:23,16.6362,1.637,92.01,9,70,7.61
239,Solnechnyy,RU,2022-05-04 20:35:23,50.7214,136.6319,37.18,86,99,4.83
240,Taywarah,AF,2022-05-04 20:35:24,33.35,64.4167,49.59,49,0,2.59
241,Esso,RU,2022-05-04 20:35:25,55.9333,158.7,27.91,92,47,4.18
242,Parsabad,IR,2022-05-04 20:35:25,39.6482,47.9174,59.32,88,0,9.22
243,Suoyarvi,RU,2022-05-04 20:35:27,62.0833,32.35,30.96,75,98,4.41
244,Samarkand,UZ,2022-05-04 20:35:27,39.6542,66.9597,62.02,77,40,4.61
245,Paraiso,CR,2022-05-04 20:35:28,9.8383,-83.8656,72.46,91,100,3.11
246,Maragogi,BR,2022-05-04 20:33:06,-9.0122,-35.2225,78.22,86,83,8.77
247,Inverness,GB,2022-05-04 20:30:50,57.4791,-4.224,51.8,73,40,6.91
248,Nador,MA,2022-05-04 20:35:29,35.174,-2.9287,60.87,88,75,8.05
249,Novouzensk,RU,2022-05-04 20:35:30,50.4592,48.1431,52.34,48,45,8.57
250,Daeni,RO,2022-05-04 20:35:30,44.8333,28.1167,54.45,70,43,5.91
251,Kruisfontein,ZA,2022-05-04 20:35:31,-34.0033,24.7314,59.88,93,100,3.53
252,Corinto,GR,2022-05-04 20:35:32,37.9407,22.9573,60.42,76,46,2.3
253,Acamixtla,MX,2022-05-04 20:35:32,18.5667,-99.5833,88.56,16,75,4.97
254,Celestun,MX,2022-05-04 20:35:33,20.8667,-90.4,87.03,65,8,13.78
255,Tubuala,PA,2022-05-04 20:35:34,9.5167,-79.0333,84.83,72,92,6.44
256,Karabulak,RU,2022-05-04 20:35:34,43.3036,44.8964,50.99,78,99,2.15
257,Cangucu,BR,2022-05-04 20:35:35,-31.395,-52.6756,65.41,92,9,7.29
258,Alofi,NU,2022-05-04 20:35:35,-19.0595,-169.9187,78.69,73,38,8.05
259,Clinton,US,2022-05-04 20:35:36,42.587,-82.9199,61.95,69,75,14.97
260,Pitsunda,GE,2022-05-04 20:35:37,43.1592,40.3378,51.98,90,100,0.92
261,Ugoofaaru,MV,2022-05-04 20:35:37,5.6667,73.0,83.8,75,100,15.08
262,Klaksvik,FO,2022-05-04 20:35:38,62.2266,-6.589,43.72,81,95,11.12
263,Nerchinskiy Zavod,RU,2022-05-04 20:35:38,51.3088,119.61,39.58,52,98,2.37
264,Dharmadam,IN,2022-05-04 20:35:39,11.7833,75.4333,79.03,86,96,2.26
265,Kaifeng,CN,2022-05-04 20:35:39,34.7911,114.3483,64.2,52,33,12.26
266,Ola,RU,2022-05-04 20:35:40,59.5833,151.2833,31.5,88,37,2.48
267,Chumikan,RU,2022-05-04 20:35:41,54.7183,135.315,31.93,99,100,7.61
268,Denpasar,ID,2022-05-04 20:35:41,-8.65,115.2167,78.46,88,20,5.75
269,Lipin Bor,RU,2022-05-04 20:35:42,60.2622,37.9763,26.64,85,62,4.63
270,Laguna,US,2022-05-04 20:35:43,38.421,-121.4238,87.15,29,0,8.05
271,Aleksandrovskiy Zavod,RU,2022-05-04 20:35:43,50.9237,117.9374,38.84,57,62,4.99
272,Drexel Heights,US,2022-05-04 20:35:44,32.1412,-111.0284,89.64,11,0,11.5
273,Phalaborwa,ZA,2022-05-04 20:35:45,-23.943,31.1411,68.68,67,50,3.06
274,Kaitangata,NZ,2022-05-04 20:36:45,-46.2817,169.8464,51.04,78,2,3.56
275,Norsup,VU,2022-05-04 20:33:11,-16.0667,167.3833,81.9,78,57,5.75
276,Bandarbeyla,SO,2022-05-04 20:36:49,9.4942,50.8122,82.83,87,53,11.52
277,Half Moon Bay,US,2022-05-04 20:36:50,37.4636,-122.4286,90.54,58,0,9.22
278,Adrar,MR,2022-05-04 20:36:50,20.5022,-10.0711,84.63,18,6,11.56
279,Henties Bay,NA,2022-05-04 20:36:51,-22.116,14.2845,71.62,50,0,10.4
280,Saint-Philippe,RE,2022-05-04 20:36:51,-21.3585,55.7679,74.79,86,42,14.5
281,Laguna De Perlas,NI,2022-05-04 20:36:52,12.3429,-83.6712,84.29,72,47,12.75
282,Wajima,JP,2022-05-04 20:36:53,37.4,136.9,57.6,71,0,8.79
283,Kostomuksha,RU,2022-05-04 20:36:53,64.571,30.5767,26.89,84,89,7.02
284,Fairbanks,US,2022-05-04 20:32:00,64.8378,-147.7164,54.09,45,0,8.05
285,Kahului,US,2022-05-04 20:36:54,20.8947,-156.47,80.62,72,40,16.11
286,Meteti,PA,2022-05-04 20:36:55,8.4983,-77.9786,81.46,88,100,1.79
287,Minot,US,2022-05-04 20:36:23,48.2325,-101.2963,64.62,36,20,10.36
288,Nueva Helvecia,UY,2022-05-04 20:36:56,-34.3,-57.2333,57.58,70,0,3.24
289,Namibe,AO,2022-05-04 20:36:57,-15.1961,12.1522,77.41,70,18,1.83
290,Porbandar,IN,2022-05-04 20:36:58,21.6422,69.6093,81.54,84,9,9.53
291,Brae,GB,2022-05-04 20:36:58,60.3964,-1.353,46.96,69,98,19.15
292,Hamilton,US,2022-05-04 20:36:06,39.1834,-84.5333,61.99,75,100,5.75
293,Praia,CV,2022-05-04 20:37:00,14.9215,-23.5087,72.14,73,0,16.11
294,Bambanglipuro,ID,2022-05-04 20:37:00,-7.95,110.2833,76.23,88,100,3.02
295,Cockburn Town,TC,2022-05-04 20:37:01,21.4612,-71.1419,78.22,79,0,18.84
296,Ajjampur,IN,2022-05-04 20:37:02,13.7281,76.0094,74.98,80,100,9.98
297,Aksarka,RU,2022-05-04 20:37:02,66.5606,67.7975,26.73,79,8,19.98
298,Kifri,IQ,2022-05-04 20:37:03,34.6959,44.9661,75.78,15,0,9.22
299,Makokou,GA,2022-05-04 20:37:04,0.5738,12.8642,71.42,97,89,2.86
300,Sovetskiy,RU,2022-05-04 20:37:04,61.3614,63.5842,35.96,97,100,6.53
301,Killybegs,IE,2022-05-04 20:37:05,54.6333,-8.45,49.62,92,71,4.79
302,Ongwediva,NA,2022-05-04 20:37:06,-17.7833,15.7667,60.76,31,0,9.73
303,Kenai,US,2022-05-04 20:35:19,60.5544,-151.2583,51.89,43,20,11.5
304,Sibolga,ID,2022-05-04 20:37:07,1.7427,98.7792,76.23,94,100,4.16
305,Taoudenni,ML,2022-05-04 20:37:07,22.6783,-3.9836,91.4,14,3,10.09
306,Luderitz,NA,2022-05-04 20:37:08,-26.6481,15.1594,69.64,48,0,3.31
307,Florence,IT,2022-05-04 20:37:09,43.7667,11.25,61.74,79,0,1.14
308,Saldanha,ZA,2022-05-04 20:37:09,-33.0117,17.9442,57.25,85,95,4.92
309,Dingle,PH,2022-05-04 20:37:10,10.9995,122.6711,77.16,85,98,6.4
310,Weiz,AT,2022-05-04 20:37:11,47.2167,15.6167,56.12,71,91,3.18
311,Ukiah,US,2022-05-04 20:36:48,39.1502,-123.2078,86.52,29,0,4.61
312,San Bartolome De Tirajana,ES,2022-05-04 20:37:12,27.9248,-15.5733,56.32,67,75,20.71
313,Portlethen,GB,2022-05-04 20:37:12,57.0547,-2.1307,50.94,88,75,5.75
314,Ipixuna,BR,2022-05-04 20:37:13,-1.7625,-48.8043,75.96,95,96,3.76
315,Fuerte Olimpo,PY,2022-05-04 20:38:14,-21.0415,-57.8738,71.24,39,0,5.19
316,Chapais,CA,2022-05-04 20:38:15,49.7834,-74.8492,33.58,55,98,10.89
317,Hurghada,EG,2022-05-04 20:33:24,27.2574,33.8129,78.84,29,0,10.36
318,Yar-Sale,RU,2022-05-04 20:38:16,66.8333,70.8333,29.64,89,6,16.84
319,Khash,IR,2022-05-04 20:38:16,28.2211,61.2158,71.13,27,1,4.38
320,Rio Grande,BR,2022-05-04 20:38:17,-32.035,-52.0986,69.91,83,0,10.38
321,San Luis,AR,2022-05-04 20:38:18,-33.295,-66.3356,68.95,25,51,5.37
322,Praia Da Vitoria,PT,2022-05-04 20:38:18,38.7333,-27.0667,63.75,88,40,11.05
323,Pangody,RU,2022-05-04 20:38:19,65.85,74.4859,33.33,98,100,12.97
324,Nadym,RU,2022-05-04 20:38:19,65.5333,72.5167,30.07,95,95,12.01
325,Naryan-Mar,RU,2022-05-04 20:38:20,67.6713,53.087,5.54,89,17,7.0
326,Saint-Pierre,RE,2022-05-04 20:38:21,-21.3393,55.4781,75.9,87,75,25.32
327,Bathsheba,BB,2022-05-04 20:38:21,13.2167,-59.5167,83.01,78,20,16.11
328,Inhambane,MZ,2022-05-04 20:38:22,-23.865,35.3833,69.22,80,71,5.3
329,Ilulissat,GL,2022-05-04 20:38:22,69.2167,-51.1,17.62,62,75,9.22
330,Bijar,IR,2022-05-04 20:38:23,35.8668,47.6051,54.88,46,7,7.4
331,Nyagan,RU,2022-05-04 20:38:24,62.1406,65.3936,37.36,97,100,6.91
332,Kilis,TR,2022-05-04 20:38:24,36.7161,37.115,55.63,95,18,8.81
333,Santa Isabel Do Rio Negro,BR,2022-05-04 20:38:25,-0.4139,-65.0192,74.98,94,100,3.58
334,Vao,NC,2022-05-04 20:38:26,-22.6667,167.4833,75.51,77,63,17.63
335,Teya,RU,2022-05-04 20:38:26,60.3778,92.6267,24.28,94,58,4.43
336,Hovd,MN,2022-05-04 20:38:27,48.0056,91.6419,43.11,29,48,1.77
337,Qingdao,CN,2022-05-04 20:38:28,36.0986,120.3719,65.8,59,0,13.42
338,Nara,JP,2022-05-04 20:38:28,34.6851,135.8049,56.7,66,85,1.54
339,Miri,MY,2022-05-04 20:38:19,4.4148,114.0089,78.94,94,20,6.91
340,Am Timan,TD,2022-05-04 20:38:29,11.0297,20.2827,83.01,58,100,9.8
341,Ahuimanu,US,2022-05-04 20:38:29,21.4447,-157.8378,80.31,74,75,14.97
342,Lavrentiya,RU,2022-05-04 20:38:30,65.5833,-171.0,26.46,80,26,8.1
343,Ust-Maya,RU,2022-05-04 20:38:31,60.4167,134.5333,34.54,96,100,10.2
344,Penaflor,CL,2022-05-04 20:38:32,-33.6167,-70.9167,84.06,35,100,5.44
345,Tazovskiy,RU,2022-05-04 20:38:32,67.4667,78.7,34.97,99,100,15.03
346,Tikhvin,RU,2022-05-04 20:38:33,59.6451,33.5294,25.21,75,1,4.99
347,Rocha,UY,2022-05-04 20:38:33,-34.4833,-54.3333,55.87,87,16,6.02
348,Deer Lake,CA,2022-05-04 20:38:34,49.1667,-57.4316,55.26,50,75,5.75
349,Kupang,ID,2022-05-04 20:38:35,-10.1667,123.5833,77.2,87,61,6.49
350,Coquimbo,CL,2022-05-04 20:38:35,-29.9533,-71.3436,62.33,67,0,4.61
351,Lasa,IT,2022-05-04 20:38:36,46.6166,10.7002,52.68,94,90,2.08
352,Ternate,ID,2022-05-04 20:38:37,0.8,127.4,81.12,80,75,3.67
353,Balaipungut,ID,2022-05-04 20:38:37,1.05,101.2833,75.31,99,100,2.33
354,Ancud,CL,2022-05-04 20:38:38,-41.8697,-73.8203,54.21,99,100,7.9
355,Manado,ID,2022-05-04 20:38:39,1.487,124.8455,75.97,94,40,1.14
356,Sept-Iles,CA,2022-05-04 20:34:11,50.2001,-66.3821,42.06,86,100,4.61
357,Inzer,RU,2022-05-04 20:38:39,54.2167,57.5556,45.97,65,68,5.03
358,Pozo Colorado,PY,2022-05-04 20:38:40,-23.4923,-58.7972,67.89,44,0,4.12
359,Buala,SB,2022-05-04 20:38:41,-8.145,159.5921,81.68,77,43,4.59
360,Rypefjord,NO,2022-05-04 20:39:42,70.6333,23.6667,25.27,80,75,1.14
361,Sardarshahr,IN,2022-05-04 20:39:42,28.4333,74.4833,81.84,40,0,9.42
362,Chernyshevskiy,RU,2022-05-04 20:39:43,63.0128,112.4714,25.57,88,100,11.56
363,Freeport,US,2022-05-04 20:38:10,40.6576,-73.5832,66.29,73,100,8.05
364,Diego De Almagro,CL,2022-05-04 20:39:44,-26.3667,-70.05,70.63,34,7,10.16
365,Lakewood,US,2022-05-04 20:35:42,39.7047,-105.0814,51.66,75,100,5.99
366,Narasannapeta,IN,2022-05-04 20:39:45,18.4167,84.05,82.13,84,85,3.56
367,General Escobedo,MX,2022-05-04 20:37:33,25.8167,-100.3333,86.27,54,75,11.5
368,Kaka,TM,2022-05-04 20:39:46,37.3482,59.6143,66.02,78,100,4.88
369,Codrington,AU,2022-05-04 20:39:46,-38.2667,141.9667,45.43,82,100,6.13
370,Muscat,OM,2022-05-04 20:39:47,23.6139,58.5922,84.22,44,0,2.37
371,Bairiki,KI,2022-05-04 20:39:47,1.3292,172.9752,82.4,74,20,8.05
372,Iralaya,HN,2022-05-04 20:39:48,15.0,-83.2333,83.66,72,80,14.05
373,Charlestown,AU,2022-05-04 20:39:49,-32.95,151.6667,64.81,93,86,3.0
374,Susuman,RU,2022-05-04 20:39:50,62.7833,148.1667,22.95,97,100,2.44
375,Mahajanga,MG,2022-05-04 20:39:50,-15.7167,46.3167,75.22,83,20,3.44
376,Wenling,CN,2022-05-04 20:39:51,28.3669,121.36,57.7,86,48,5.35
377,Ormara,PK,2022-05-04 20:39:52,25.2088,64.6357,81.0,77,0,7.81
378,Zlitan,LY,2022-05-04 20:39:52,32.4674,14.5687,69.93,55,34,18.7
379,Batemans Bay,AU,2022-05-04 20:39:53,-35.7167,150.1833,61.11,94,95,5.53
380,Pakxan,LA,2022-05-04 20:39:54,18.3778,103.6601,69.26,72,2,3.33
381,Novyy Urengoy,RU,2022-05-04 20:39:54,66.0833,76.6333,35.08,99,100,13.18
382,Acapulco,MX,2022-05-04 20:36:19,16.8634,-99.8901,85.82,58,100,8.05
383,Kayerkan,RU,2022-05-04 20:39:55,69.3497,87.7602,32.52,100,100,16.82
384,Tombouctou,ML,2022-05-04 20:39:56,20.0,-3.0,92.55,16,100,15.46
385,Hammerfest,NO,2022-05-04 20:39:56,70.6634,23.6821,25.25,80,75,1.14
386,Puerto Baquerizo Moreno,EC,2022-05-04 20:39:57,-0.9,-89.6,77.99,78,40,11.5
387,Port Blair,IN,2022-05-04 20:39:57,11.6667,92.75,82.44,83,75,2.3
388,Shiyan,CN,2022-05-04 20:39:58,32.6475,110.7781,60.46,67,0,4.07
389,Wukari,NG,2022-05-04 20:39:59,7.85,9.7833,81.66,61,89,3.4
390,Buta,CD,2022-05-04 20:39:59,2.7858,24.73,73.54,86,77,2.44
391,Carmelo,UY,2022-05-04 20:40:00,-33.9892,-58.2856,58.77,68,1,5.84
392,La Trinidad,PH,2022-05-04 20:40:01,16.455,120.5875,62.19,88,26,3.29
393,Macae,BR,2022-05-04 20:40:01,-22.3708,-41.7869,87.55,55,40,3.44
394,Lakes Entrance,AU,2022-05-04 20:40:03,-37.8811,147.981,49.15,88,100,8.55
395,Calama,CL,2022-05-04 20:40:03,-22.4667,-68.9333,70.29,24,0,24.16
396,Oxelosund,SE,2022-05-04 20:40:04,58.6706,17.1015,46.78,61,0,8.05
397,Waverly,US,2022-05-04 20:40:05,42.7392,-84.6208,58.95,59,20,12.66
398,Ngunguru,NZ,2022-05-04 20:40:05,-35.6167,174.5,64.47,79,16,12.93
399,Sao Jose Da Coroa Grande,BR,2022-05-04 20:40:06,-8.8978,-35.1478,78.49,85,89,9.06
400,Mbekenyera,TZ,2022-05-04 20:40:07,-10.0,38.9833,69.1,81,35,4.27
401,Touros,BR,2022-05-04 20:40:07,-5.1989,-35.4608,77.7,90,97,12.55
402,Gorontalo,ID,2022-05-04 20:40:08,0.5412,123.0595,75.34,95,62,2.57
403,Vardo,NO,2022-05-04 20:40:09,70.3705,31.1107,26.58,68,75,18.41
404,Singapore,SG,2022-05-04 20:40:09,1.2897,103.8501,82.35,88,75,4.61
405,Sao Felix Do Xingu,BR,2022-05-04 20:40:10,-6.6447,-51.995,78.31,81,100,1.83
406,Atar,MR,2022-05-04 20:41:10,20.5169,-13.0499,89.96,16,97,10.25
407,Gornopravdinsk,RU,2022-05-04 20:41:11,60.05,69.9,46.98,56,78,11.54
408,Copiapo,CL,2022-05-04 20:37:48,-27.3667,-70.3333,72.99,43,22,7.92
409,Turayf,SA,2022-05-04 20:41:12,31.6725,38.6637,64.65,63,0,16.11
410,Hirara,JP,2022-05-04 20:41:13,24.8,125.2833,75.25,90,100,20.56
411,Karratha,AU,2022-05-04 20:38:12,-20.7377,116.8463,76.87,36,0,22.08
412,Ayan,RU,2022-05-04 20:41:14,56.45,138.1667,30.7,97,100,2.01
413,Kailua,US,2022-05-04 20:41:14,21.4022,-157.7394,80.58,76,75,12.66
414,Nhulunbuy,AU,2022-05-04 20:41:15,-12.2333,136.7667,75.81,88,100,4.61
415,Yumen,CN,2022-05-04 20:41:16,40.2833,97.2,65.57,23,66,6.29
416,Pacifica,US,2022-05-04 20:41:16,37.6138,-122.4869,88.68,65,0,9.22
417,Buin,CL,2022-05-04 20:41:17,-33.7333,-70.75,82.72,30,100,4.38
418,Le Port,RE,2022-05-04 20:41:18,-20.9373,55.2919,76.24,71,8,4.85
419,San Rafael,AR,2022-05-04 20:37:15,-34.6177,-68.3301,72.32,23,100,15.08
420,Chalmette,US,2022-05-04 20:41:19,29.9427,-89.9634,90.0,54,20,11.5
421,Puerto Escondido,MX,2022-05-04 20:41:19,15.85,-97.0667,88.63,70,0,10.36
422,Sabang,ID,2022-05-04 20:41:20,5.8933,95.3214,82.9,73,98,13.04
423,Mandurah,AU,2022-05-04 20:41:21,-32.55,115.7,53.91,58,0,18.48
424,Kondinskoye,RU,2022-05-04 20:41:21,59.6481,67.41,50.07,46,98,16.04
425,Kalmunai,LK,2022-05-04 20:41:22,7.4167,81.8167,81.32,78,2,2.26
426,Kavieng,PG,2022-05-04 20:41:23,-2.5744,150.7967,82.31,78,73,12.3
427,Sao Paulo De Olivenca,BR,2022-05-04 20:41:23,-3.3783,-68.8725,80.67,94,100,1.99
428,Georgiyevka,KZ,2022-05-04 20:41:24,43.0369,74.7114,60.84,94,75,6.71
429,Osakarovka,KZ,2022-05-04 20:41:20,50.565,72.5692,42.28,54,39,7.2
430,Saint-Augustin,CA,2022-05-04 20:41:25,51.226,-58.6502,42.1,73,100,15.61
431,Yamada,JP,2022-05-04 20:41:26,39.4667,141.95,50.07,79,8,3.11
432,Kuntaur,GM,2022-05-04 20:41:26,13.6667,-14.8833,94.06,19,6,7.05
433,Don Sak,TH,2022-05-04 20:41:27,9.3168,99.6918,81.14,88,95,6.93
434,Manta,EC,2022-05-04 20:40:29,-0.95,-80.7333,87.58,62,40,14.97
435,Maridi,SS,2022-05-04 20:41:28,4.9158,29.4742,67.05,97,99,4.7
436,Malangwa,NP,2022-05-04 20:41:28,26.8568,85.5581,80.19,59,37,9.06
437,Dourbali,TD,2022-05-04 20:41:29,11.8091,15.8632,95.81,30,56,9.48
438,Balkanabat,TM,2022-05-04 20:41:30,39.5108,54.3671,68.38,57,5,4.09
439,Wanning,CN,2022-05-04 20:41:30,18.8003,110.3967,71.26,93,48,8.01
440,Tekeli,KZ,2022-05-04 20:41:31,44.83,78.8239,57.0,75,100,2.57
441,Faanui,PF,2022-05-04 20:41:31,-16.4833,-151.75,81.82,76,99,11.07
442,Nuuk,GL,2022-05-04 20:41:32,64.1835,-51.7216,25.41,80,20,16.11
443,Beloha,MG,2022-05-04 20:41:33,-25.1667,45.05,68.22,85,64,12.06
444,Gambela,ET,2022-05-04 20:41:33,8.25,34.5833,76.91,76,100,3.36
445,Batticaloa,LK,2022-05-04 20:41:34,7.7102,81.6924,82.47,75,0,0.54
446,Hualmay,PE,2022-05-04 20:41:34,-11.0964,-77.6139,68.32,80,15,9.28
447,Itoman,JP,2022-05-04 20:41:35,26.1247,127.6694,72.37,96,75,9.22
448,Kazanskaya,RU,2022-05-04 20:41:36,45.4106,40.4361,54.28,92,100,7.14
449,Helsingborg,SE,2022-05-04 20:41:37,56.0467,12.6944,48.94,82,100,6.91
450,Ariano Irpino,IT,2022-05-04 20:41:37,41.1489,15.0833,53.35,86,100,3.04
451,Steubenville,US,2022-05-04 20:41:38,40.3698,-80.634,59.41,79,100,3.0
452,Maniitsoq,GL,2022-05-04 20:41:38,65.4167,-52.9,22.86,76,85,9.17
453,Ostrovnoy,RU,2022-05-04 20:41:39,68.0531,39.5131,17.96,92,60,14.2
454,Piacabucu,BR,2022-05-04 20:42:39,-10.4056,-36.4344,78.64,84,39,6.73
455,Lazaro Cardenas,MX,2022-05-04 20:41:09,17.9583,-102.2,84.38,58,100,9.73
456,Bonavista,CA,2022-05-04 20:42:40,48.6499,-53.1147,37.44,84,61,8.84
457,Oranjestad,AW,2022-05-04 20:42:41,12.524,-70.027,85.95,66,20,28.77
458,Macapa,BR,2022-05-04 20:42:42,0.0389,-51.0664,84.18,79,75,6.91
459,Alta Floresta,BR,2022-05-04 20:42:42,-9.8756,-56.0861,87.62,66,40,5.75
460,Sorland,NO,2022-05-04 20:42:43,67.667,12.6934,38.01,63,100,18.57
461,Mizan Teferi,ET,2022-05-04 20:42:43,6.9833,35.5833,61.03,97,77,2.33
462,Stephenville Crossing,CA,2022-05-04 20:42:44,48.5,-58.4318,43.21,87,75,6.91
463,Tagusao,PH,2022-05-04 20:42:45,9.1924,117.8141,79.54,83,100,4.14
464,Sakakah,SA,2022-05-04 20:42:45,29.9697,40.2064,78.37,31,7,13.0
465,El Cope,PA,2022-05-04 20:42:46,8.6167,-80.6,79.16,70,100,5.01
466,Springbok,ZA,2022-05-04 20:42:47,-29.6643,17.8865,66.16,29,1,3.91
467,Dongning,CN,2022-05-04 20:42:48,44.0622,131.1207,48.09,80,97,3.02
468,Paamiut,GL,2022-05-04 20:42:48,61.994,-49.6678,30.85,70,3,12.06
469,Port Hardy,CA,2022-05-04 20:39:48,50.6996,-127.4199,48.38,87,100,5.75
470,Elizabeth City,US,2022-05-04 20:42:49,36.2946,-76.2511,91.42,54,40,14.97
471,Parry Sound,CA,2022-05-04 20:41:18,45.3501,-80.033,59.05,38,37,8.72
472,Voh,NC,2022-05-04 20:42:50,-20.9667,164.7,76.33,84,3,3.2
473,Panjakent,TJ,2022-05-04 20:42:52,39.4952,67.6093,58.6,73,69,3.2
474,Zadonsk,RU,2022-05-04 20:42:53,52.3904,38.9261,40.19,71,8,9.22
475,Lata,PT,2022-05-04 20:42:54,40.1629,-8.3327,54.43,76,3,0.6
476,Taltal,CL,2022-05-04 20:40:20,-25.4,-70.4833,65.3,70,9,1.77
477,Dubbo,AU,2022-05-04 20:42:55,-32.25,148.6167,59.13,100,100,5.75
478,Channel-Port Aux Basques,CA,2022-05-04 20:42:55,47.5702,-59.1367,40.53,90,100,8.25
479,Ilinskiy,RU,2022-05-04 20:42:56,55.619,38.1182,37.78,70,0,8.99
480,Mali,GN,2022-05-04 20:42:56,12.079,-12.2982,71.87,51,100,4.34
481,Kolokani,ML,2022-05-04 20:42:57,13.5728,-8.0339,94.14,26,51,8.81
482,Tiksi,RU,2022-05-04 20:42:58,71.6872,128.8694,9.57,97,92,3.67
483,Thinadhoo,MV,2022-05-04 20:42:58,0.5333,72.9333,82.78,77,100,21.23
484,Ongandjera,NA,2022-05-04 20:42:59,-17.8833,15.0667,68.92,28,0,7.54
485,Rodrigues Alves,BR,2022-05-04 20:43:00,-7.738,-72.6509,71.8,95,100,5.19
486,Kysyl-Syr,RU,2022-05-04 20:43:00,63.8986,122.7617,30.83,89,99,3.18
487,Naze,JP,2022-05-04 20:43:01,28.3667,129.4833,67.12,82,100,14.32
488,Margate,GB,2022-05-04 20:43:02,51.3813,1.3862,54.3,91,80,1.01
489,Newtownards,GB,2022-05-04 20:43:02,54.5924,-5.6909,55.35,80,100,4.61
490,Kloulklubed,PW,2022-05-04 20:43:03,7.0419,134.2556,84.16,78,100,18.61
491,Santa Maria Del Oro,MX,2022-05-04 20:43:03,25.9333,-105.3667,88.7,6,93,21.7
492,Nantucket,US,2022-05-04 20:43:04,41.2835,-70.0995,57.31,94,100,5.75
493,Puerto Carreno,CO,2022-05-04 20:40:05,6.189,-67.4859,93.18,49,40,5.75
494,Vila,PT,2022-05-04 20:43:05,42.0304,-8.1588,54.48,84,7,4.85
495,Shingu,JP,2022-05-04 20:43:06,33.7333,135.9833,57.07,61,100,4.45
496,Whyalla,AU,2022-05-04 20:43:06,-33.0333,137.5833,42.69,93,40,6.91
497,Petropavlovsk-Kamchatskiy,RU,2022-05-04 20:43:07,53.0452,158.6483,30.79,86,0,2.24
498,Pangnirtung,CA,2022-05-04 20:43:08,66.1451,-65.7125,14.0,79,40,10.36
499,Bac Lieu,VN,2022-05-04 20:43:08,9.285,105.7244,80.58,80,100,10.98
500,Jumla,NP,2022-05-04 20:44:09,29.2747,82.1838,54.52,86,95,0.56
501,Torres,BR,2022-05-04 20:44:09,-29.3353,-49.7269,67.82,89,100,16.67
502,Marion,US,2022-05-04 20:44:10,39.7684,-86.1555,62.92,71,100,8.05
503,Strezhevoy,RU,2022-05-04 20:44:11,60.7333,77.5889,42.75,65,55,12.84
504,Takoradi,GH,2022-05-04 20:44:11,4.8845,-1.7554,81.34,82,65,8.93
505,Umm Kaddadah,SD,2022-05-04 20:44:12,13.6017,26.6876,90.3,14,1,10.02
506,Manicore,BR,2022-05-04 20:44:13,-5.8092,-61.3003,82.35,78,86,0.36
507,Labe,GN,2022-05-04 20:44:13,11.3182,-12.2833,75.56,57,98,2.55
508,Charters Towers,AU,2022-05-04 20:44:14,-20.1,146.2667,68.27,92,14,6.22
509,Komsomolskiy,UZ,2022-05-04 20:44:14,40.4272,71.7189,68.47,56,100,3.18
510,Eastlake,US,2022-05-04 20:44:15,41.6539,-81.4504,55.72,91,100,6.91
511,Buraydah,SA,2022-05-04 20:42:48,26.326,43.975,93.65,16,81,12.17
512,Ampanihy,MG,2022-05-04 20:44:16,-24.7,44.75,68.18,73,94,7.43
513,Marrakesh,MA,2022-05-04 20:44:16,31.6315,-8.0083,69.87,46,20,11.5
514,Vestmannaeyjar,IS,2022-05-04 20:44:17,63.4427,-20.2734,39.51,62,98,9.08
515,Olafsvik,IS,2022-05-04 20:44:18,64.8945,-23.7142,36.34,61,100,3.6
516,Warrnambool,AU,2022-05-04 20:44:18,-38.3833,142.4833,44.82,75,97,6.2
517,Muros,ES,2022-05-04 20:44:19,42.7762,-9.0603,59.09,73,34,13.11
518,Ruangwa,TZ,2022-05-04 20:44:19,-10.0667,38.9333,68.52,83,58,3.36
519,Bontang,ID,2022-05-04 20:44:20,0.1333,117.5,76.12,90,95,7.36
520,Sibu,MY,2022-05-04 20:44:21,2.3,111.8167,75.51,94,40,2.3
521,Knysna,ZA,2022-05-04 20:44:21,-34.0363,23.0471,62.46,91,35,4.16
522,Moravsky Beroun,CZ,2022-05-04 20:44:22,49.7937,17.4421,52.59,81,93,7.0
523,Sechura,PE,2022-05-04 20:44:22,-5.5569,-80.8222,79.65,55,94,13.02
524,Benjamin Aceval,PY,2022-05-04 20:44:23,-24.9667,-57.5667,69.94,70,47,6.35
525,Jalu,LY,2022-05-04 20:44:24,29.0331,21.5482,72.39,25,33,6.85
526,Hauterive,FR,2022-05-04 20:44:24,46.0901,3.4459,56.16,94,100,4.14
527,Sao Bento Do Sul,BR,2022-05-04 20:44:25,-26.2503,-49.3786,54.25,94,74,6.31
528,Mahuva,IN,2022-05-04 20:44:26,21.0914,71.7622,82.53,63,0,11.36
529,Sampit,ID,2022-05-04 20:44:27,-2.5333,112.95,72.72,99,94,0.67
530,Domoni,KM,2022-05-04 20:44:27,-12.2569,44.5319,78.42,77,100,1.86
531,Lumphat,KH,2022-05-04 20:44:28,13.4878,106.9816,73.04,97,93,1.77
532,Vilcun,CL,2022-05-04 20:44:29,-38.65,-72.2333,61.54,77,79,3.33
533,Marfino,RU,2022-05-04 20:44:29,55.7028,37.3822,37.35,69,0,11.18
534,Padang,ID,2022-05-04 20:44:30,-0.9492,100.3543,77.38,83,100,3.18
535,Usinsk,RU,2022-05-04 20:44:31,65.9939,57.5281,21.2,81,60,14.32
536,Shar,KZ,2022-05-04 20:44:32,49.5886,81.0453,48.33,38,72,7.56
537,Dovbysh,UA,2022-05-04 20:44:32,50.3733,27.9874,38.48,67,1,6.76
538,Kualakapuas,ID,2022-05-04 20:44:33,-3.0091,114.3876,72.91,99,100,1.63
539,Trairi,BR,2022-05-04 20:44:34,-3.2778,-39.2689,76.6,91,60,7.74
540,Shimoda,JP,2022-05-04 20:44:34,34.6667,138.95,60.1,79,100,6.98
541,Virginia Beach,US,2022-05-04 20:41:54,36.8529,-75.978,87.85,75,75,11.5
542,Hay River,CA,2022-05-04 20:44:35,60.8156,-115.7999,57.18,47,75,8.05
543,Whitehorse,CA,2022-05-04 20:40:45,60.7161,-135.0538,45.01,43,75,12.66
544,Blois,FR,2022-05-04 20:44:36,47.5833,1.3333,55.78,90,46,6.69
545,Qostanay,KZ,2022-05-04 20:45:37,53.1667,63.5833,52.09,40,0,4.47
546,Lafiagi,NG,2022-05-04 20:45:38,8.8667,5.4167,85.48,62,87,4.43
547,Bogale,MM,2022-05-04 20:45:38,16.2833,95.4,81.66,66,33,0.74
548,Tucuman,AR,2022-05-04 20:45:39,-26.8241,-65.2226,75.2,38,0,5.75
549,Victor Harbor,AU,2022-05-04 20:45:39,-35.5667,138.6167,45.68,77,87,12.01
550,Canutama,BR,2022-05-04 20:45:40,-6.5339,-64.3831,79.52,91,97,3.87
551,Asau,RO,2022-05-04 20:45:41,46.4333,26.4,52.95,90,100,3.36
552,Bosaso,SO,2022-05-04 20:40:42,11.2842,49.1816,85.17,64,95,3.71
553,Lufilufi,WS,2022-05-04 20:45:42,-13.8745,-171.5986,80.38,70,54,2.39
554,Newport,GB,2022-05-04 20:45:43,51.5877,-2.9984,55.45,81,86,7.38
555,Sao Joao Da Barra,BR,2022-05-04 20:45:43,-21.6403,-41.0511,82.49,84,34,15.66
556,Chicama,PE,2022-05-04 20:45:44,-7.8447,-79.1469,64.94,64,51,10.25
557,Road Town,VG,2022-05-04 20:45:44,18.4167,-64.6167,82.49,74,40,10.36
558,Tiarei,PF,2022-05-04 20:45:45,-17.5333,-149.3333,86.02,79,100,12.66
559,Abha,SA,2022-05-04 20:45:45,18.2164,42.5053,67.82,73,0,6.91
560,Mount Gambier,AU,2022-05-04 20:45:46,-37.8333,140.7667,42.71,93,40,8.05
561,Rancho Palos Verdes,US,2022-05-04 20:45:47,33.7445,-118.387,82.27,74,0,14.97
562,Bud,US,2022-05-04 20:45:47,39.447,-86.1758,62.85,76,100,7.87
563,Yumbo,CO,2022-05-04 20:45:48,3.5823,-76.4915,85.77,54,75,16.11
564,Terrace,CA,2022-05-04 20:42:19,54.5163,-128.6035,49.91,66,75,18.41
565,Nabire,ID,2022-05-04 20:45:49,-3.3667,135.4833,76.57,91,88,2.28
566,Hofn,IS,2022-05-04 20:45:49,64.2539,-15.2082,40.93,65,100,8.14
567,Praya,CV,2022-05-04 20:45:50,14.9215,-23.5087,72.14,73,0,16.11
